,No Track MV (Clean Title)
0,XMen Apocalypse
1,XMen Days of Future Past
2,Harry Potter and the HalfBlood Prince
3,WreckIt Ralph
4,Birdman or The Unexpected Virtue of Ignorance
5,Blue Is the Warmest Color
6,Busanhaeng
7,Oldeuboi
8,The 40YearOld Virgin
9,Interview with the Vampire The Vampire Chronicles
10,What We Do in the Shadows
11,Ahgassi
12,Whats Eating Gilbert Grape
13,AI Artificial Intelligence
14,Okja
15,Kynodontas
16,Nineteen EightyFour
17,Dr Strangelove or How I Learned to Stop Worrying and Love the Bomb
18,Austin Powers International Man of Mystery
19,The Texas Chain Saw Massacre
20,28 Weeks Later
21,The Raid Redemption
22,Tucker and Dale vs Evil
23,We Need to Talk About Kevin
24,Seven Psychopaths
25,Ever After A Cinderella Story
26,My Cousin Vinny
27,Anchorman The Legend of Ron Burgundy
28,Secretariat
29,Borat Cultural Learnings of America for Make Benefit Glorious Nation of Kazakhstan
30,All the Presidents Men
31,Master and Commander The Far Side of the World
32,The Basketball Diaries
33,Taare Zameen Par
34,Gangs of Wasseypur
35,Mary and Max
36,Lethal Weapon 2
37,Lars and the Real Girl
38,The HundredFoot Journey
39,PunchDrunk Love
40,The Adventures of Priscilla Queen of the Desert
41,Cloudy with a Chance of Meatballs
42,Green Street Hooligans
43,The Last Boy Scout
44,A Fish Called Wanda
45,My Own Private Idaho
46,Millers Crossing
47,Julie and Julia
48,Lucky Number Slevin
49,Death on the Nile
50,Peewees Big Adventure
51,The Naked Gun From the Files of Police Squad
52,Grosse Pointe Blank
53,Team America World Police
54,What Ever Happened to Baby Jane
55,Sex Lies and Videotape
56,The Siege of Jadotville
57,Lords of Dogtown
58,Frances Ha
59,The Life of David Gale
60,Chungking Express
61,Lagaan Once Upon a Time in India
62,The Adventures of Baron Munchausen
63,Brotherhood of the Wolf
64,Three Steps Above Heaven
65,The Poseidon Adventure
66,Kill the Irishman
67,Fanny and Alexander
68,Forushande
69,An American Crime
70,The Gods Must Be Crazy
71,My Left Foot
72,Toni Erdmann
73,Jeremiah Johnson
74,Saul fia
75,Trollhunter
76,Play Misty for Me
77,The Day of the Jackal
78,Koto no ha no niwa
79,South Park Bigger Longer and Uncut
80,Man cheng jin dai huang jin jia
81,Finding Forrester
82,Kaze tachinu
83,Los cronocrimenes
84,The World According to Garp
85,All About My Mother
86,The Curse of the WereRabbit
87,Ip Man 2
88,Hodejegerne
89,Jin ling shi san chai
90,Nosferatu the Vampyre
91,KPAX
92,Lilya 4Ever
93,OngBak The Thai Warrior
94,Aguirre the Wrath of God
95,District B13
96,Le Samourai
97,The Motorcycle Diaries
98,Che Part One
99,The Secret Life of Bees
100,Withnail and I
101,Bir Zamanlar Anadoluda
102,Bahubali The Beginning
103,The Worlds Fastest Indian
104,Mongol The Rise of Genghis Khan
105,Ookami kodomo no Ame to Yuki
106,FrostNixon
107,A Brilliant Young Mind
108,Toki o kakeru shojo
109,Mimi wo sumaseba
110,The Three Burials of Melquiades Estrada
111,Ringu
112,Wristcutters A Love Story
113,La tortue rouge
114,The Double Life of Veronique
115,The 100 YearOld Man Who Climbed Out the Window and Disappeared
116,Manderlay
117,Two Mules for Sister Sara
118,Omoide no Mani
119,Igby Goes Down
120,Questce quon a fait au Bon Dieu
121,Darbareye Elly
122,Crimes and Misdemeanors
123,I Killed My Mother
124,The Magdalene Sisters
125,Neko no ongaeshi
126,The Lady Vanishes
127,Son of Rambow
128,The Secret of Kells
129,99 Homes
130,SLC Punk
131,RabbitProof Fence
132,HeadOn
133,Bajrangi Bhaijaan
134,Joheunnom nabbeunnom isanghannom
135,Elite Squad The Enemy Within
136,Cowboy Bebop The Movie
137,Tasogare Seibei
138,Zindagi Na Milegi Dobara
139,The Pink Panther Strikes Again
140,Bringing Up Baby
141,The Lady from Shanghai
142,Waiting for Guffman
143,The Purple Rose of Cairo
144,San ging chaat goo si
145,Find Me Guilty
146,4 Months 3 Weeks and 2 Days
147,Sullivans Travels
148,American Splendor
149,Waking Ned Devine
150,Vampire Hunter D Bloodlust
151,Neon Genesis Evangelion The End of Evangelion
152,The Caine Mutiny
153,Ivans Childhood
154,Frequently Asked Questions About Time Travel
155,Interstate 60 Episodes of the Road
156,Bienvenue chez les Chtis
157,Adams Apples
158,A Guide to Recognizing Your Saints
159,Mesrine  Killer Instinct
160,Barneys Version
161,VeerZaara
162,Maria Full of Grace
163,The Damned United
164,Lauberge espagnole
165,Dom za vesanje
166,Rupan sansei Kariosutoro no shiro
167,Yeh Jawaani Hai Deewani
168,After the Wedding
169,3Iron
170,Dragon Ball Z Doragon boru Z  Kami to Kami
171,Rab Ne Bana Di Jodi
172,Ghost in the Shell 2 Innocence
173,The Kid with a Bike
174,Chak de India
175,Vera Drake
176,Jab We Met
177,The United States of Leland
178,Manhattan Murder Mystery
179,Les petits mouchoirs
180,Swades
181,Lillusionniste
182,Dil Chahta Hai
183,Sophie Scholl The Final Days
184,MS Dhoni The Untold Story
185,Destroyed in Love
186,The Assassination of Richard Nixon
187,The Barbarian Invasions
188,Jodhaa Akbar
189,Trust Me Im Here
190,Munna Bhai MBBS
191,Av Mevsimi
192,Tae Guk Gi The Brotherhood of War
193,Broadway Danny Rose
194,The Edukators
195,Gabbar is Back
196,Pek Yakinda
197,Yahsi Bati
198,Keep at It Munna Bhai
199,Jaane Tu Ya Jaane Na
200,AROG
201,Nefes Vatan Sagolsun
