,No Track MV (Original Title)
0,Avengers: Infinity War
1,Sicario: Day of the Soldado
2,Mission: Impossible - Fallout
3,Thor: Ragnarok
4,Spider-Man: Homecoming
5,X-Men: Apocalypse
6,Star Wars: Episode VIII - The Last Jedi
7,Jumanji: Welcome to the Jungle
8,Avengers: Age of Ultron
9,The Lord of the Rings: The Fellowship of the Ring
10,Mad Max: Fury Road
11,Captain America: Civil War
12,Mission: Impossible - Rogue Nation
13,Molly's Game
14,Kingsman: The Secret Service
15,Léon: The Professional
16,X-Men: Days of Future Past
17,The Lord of the Rings: The Return of the King
18,Ocean's Eleven
19,Star Trek: Beyond
20,John Wick: Chapter 2
21,2001: A Space Odyssey
22,Star Wars: The Force Awakens
23,Nymphomaniac: Vol. I
24,X: First Class
25,Pride &amp; Prejudice
26,The Godfather: Part II
27,Captain America: The Winter Soldier
28,Harry Potter and the Deathly Hallows: Part 1
29,Pirates of the Caribbean: The Curse of the Black Pearl
30,Kill Bill: Vol. 1
31,Thor: The Dark World
32,The Hobbit: An Unexpected Journey
33,Mission: Impossible - Ghost Protocol
34,Birdman or (The Unexpected Virtue of Ignorance)
35,Blue Is the Warmest Color
36,Star Trek: Into Darkness
37,Busanhaeng
38,We're the Millers
39,The Lord of the Rings: The Two Towers
40,Oldeuboi
41,Star Wars: Episode V - The Empire Strikes Back
42,The Hunger Games: Catching Fire
43,Mission: Impossible
44,The 40-Year-Old Virgin
45,The Hobbit: The Battle of the Five Armies
46,Interview with the Vampire: The Vampire Chronicles
47,Kill Bill: Vol. 2
48,What We Do in the Shadows
49,Ah-ga-ssi
50,Hellboy II: The Golden Army
51,Star Wars: Episode VI - Return of the Jedi
52,Harold &amp; Kumar Go to White Castle
53,What's Eating Gilbert Grape
54,Sherlock Holmes: A Game of Shadows
55,The Godfather: Part III
56,The Hobbit: The Desolation of Smaug
57,Pirates of the Caribbean: Dead Man's Chest
58,Star Wars: Episode III - Revenge of the Sith
59,Jacob's Ladder
60,WALL·E
61,Okja
62,Willy Wonka &amp; the Chocolate Factory
63,It's a Wonderful Life
64,Kynodontas
65,Lilo &amp; Stitch
66,Rosemary's Baby
67,Dr. Strangelove or: How I Learned to Stop Worrying and Love the Bomb
68,Austin Powers: International Man of Mystery
69,Howl's Moving Castle
70,The Texas Chain Saw Massacre
71,Perfume: The Story of a Murderer
72,28 Weeks Later
73,Pirates of the Caribbean: At World's End
74,The Raid: Redemption
75,Tucker and Dale vs Evil
76,There's Something About Mary
77,Sweeney Todd: The Demon Barber of Fleet Street
78,It's a Mad Mad Mad Mad World
79,We Need to Talk About Kevin
80,Seven Psychopaths
81,Ever After: A Cinderella Story
82,Sophie's Choice
83,My Cousin Vinny
84,Anchorman: The Legend of Ron Burgundy
85,Secretariat
86,Thelma &amp; Louise
87,Borat: Cultural Learnings of America for Make Benefit Glorious Nation of Kazakhstan
88,It's Kind of a Funny Story
89,All the President's Men
90,Master and Commander: The Far Side of the World
91,The Transformers: The Movie
92,The Basketball Diaries
93,Taare Zameen Par
94,Gangs of Wasseypur
95,Mary and Max
96,Lethal Weapon 2
97,Lars and the Real Girl
98,Carlito's Way
99,"Planes, Trains &amp; Automobiles"
100,Twin Peaks: Fire Walk with Me
101,"The Adventures of Priscilla, Queen of the Desert"
102,Cloudy with a Chance of Meatballs
103,August: Osage County
104,Green Street Hooligans
105,The Last Boy Scout
106,A Fish Called Wanda
107,My Own Private Idaho
108,Muriel's Wedding
109,Miller's Crossing
110,Star Trek II: The Wrath of Khan
111,Julie &amp; Julia
112,Lucky Number Slevin
113,Death on the Nile
114,Pee-wee's Big Adventure
115,The Naked Gun: From the Files of Police Squad!
116,"The Cook, the Thief, His Wife &amp; Her Lover"
117,Grosse Pointe Blank
118,I'm Not There.
119,Hustle &amp; Flow
120,Team America: World Police
121,Ice Age: Dawn of the Dinosaurs
122,What Ever Happened to Baby Jane?
123,"Sex, Lies, and Videotape"
124,The Siege of Jadotville
125,Lords of Dogtown
126,Frances Ha
127,Pink Floyd: The Wall
128,The Life of David Gale
129,Kiki's Delivery Service
130,Chungking Express
131,Lagaan: Once Upon a Time in India
132,Marley &amp; Me
133,Benny &amp; Joon
134,The Adventures of Baron Munchausen
135,Brotherhood of the Wolf
136,Spirit: Stallion of the Cimarron
137,Three Steps Above Heaven
138,Star Trek: First Contact
139,The Poseidon Adventure
140,Star Trek VI: The Undiscovered Country
141,Kill the Irishman
142,Fanny and Alexander
143,Forushande
144,Henry: Portrait of a Serial Killer
145,An American Crime
146,The Gods Must Be Crazy
147,My Left Foot
148,Toni Erdmann
149,Jeremiah Johnson
150,Saul fia
151,The Girl Who Kicked the Hornet's Nest
152,Trollhunter
153,Bubba Ho-Tep
154,Star Trek IV: The Voyage Home
155,Play Misty for Me
156,Dag II
157,You're Not You
158,The Day of the Jackal
159,Koto no ha no niwa
160,"South Park: Bigger, Longer &amp; Uncut"
161,Man cheng jin dai huang jin jia
162,Finding Forrester
163,Kaze tachinu
164,Los cronocrímenes
165,The World According to Garp
166,All About My Mother
167,Ip Man 2
168,Legend of the Guardians: The Owls of Ga'Hoole
169,Hodejegerne
170,Love &amp; Mercy
171,Jin ling shi san chai
172,Nosferatu the Vampyre
173,Lilya 4-Ever
174,Ong-Bak: The Thai Warrior
175,"Aguirre, the Wrath of God"
176,District B13
177,Le Samouraï
178,The Motorcycle Diaries
179,Che: Part One
180,The Secret Life of Bees
181,Withnail &amp; I
182,Everybody's Fine
183,Bir Zamanlar Anadolu'da
184,Bahubali: The Beginning
185,The World's Fastest Indian
186,Mongol: The Rise of Genghis Khan
187,Ookami kodomo no Ame to Yuki
188,A Brilliant Young Mind
189,Toki o kakeru shôjo
190,Mimi wo sumaseba
191,The Three Burials of Melquiades Estrada
192,Ringu
193,Wristcutters: A Love Story
194,La tortue rouge
195,The Double Life of Véronique
196,The 100 Year-Old Man Who Climbed Out the Window and Disappeared
197,Ghost Dog: The Way of the Samurai
198,Manderlay
199,Two Mules for Sister Sara
200,Omoide no Mânî
201,Igby Goes Down
202,Qu'est-ce qu'on a fait au Bon Dieu?
203,Batman: Mask of the Phantasm
204,Three Colors: White
205,Dragon: The Bruce Lee Story
206,Darbareye Elly
207,Crimes and Misdemeanors
208,11:14
209,Cries &amp; Whispers
210,I Killed My Mother
211,The Magdalene Sisters
212,Neko no ongaeshi
213,Secrets &amp; Lies
214,The Lady Vanishes
215,Son of Rambow
216,The Secret of Kells
217,99 Homes
218,SLC Punk!
219,Baahubali 2: The Conclusion
220,Mandela: Long Walk to Freedom
221,Bajrangi Bhaijaan
222,Joheunnom nabbeunnom isanghannom
223,Elite Squad: The Enemy Within
224,Cowboy Bebop: The Movie
225,Tasogare Seibei
226,L'Avventura
227,Zindagi Na Milegi Dobara
228,The Pink Panther Strikes Again
229,Bringing Up Baby
230,The Lady from Shanghai
231,Waiting for Guffman
232,The Purple Rose of Cairo
233,San ging chaat goo si
234,Robot &amp; Frank
235,Find Me Guilty
236,"4 Months, 3 Weeks and 2 Days"
237,Sullivan's Travels
238,American Splendor
239,Waking Ned Devine
240,Dev.D
241,Vampire Hunter D: Bloodlust
242,Neon Genesis Evangelion: The End of Evangelion
243,The Caine Mutiny
244,Ivan's Childhood
245,Frequently Asked Questions About Time Travel
246,Interstate 60: Episodes of the Road
247,Bienvenue chez les Ch'tis
248,A Guide to Recognizing Your Saints
249,Mesrine Part 1: Killer Instinct
250,Veer-Zaara
251,Maria Full of Grace
252,The Damned United
253,L'auberge espagnole
254,Dom za vesanje
255,Rupan sansei: Kariosutoro no shiro
256,Yeh Jawaani Hai Deewani
257,After the Wedding
258,Dragon Ball Z: Doragon bôru Z - Kami to Kami
259,Rab Ne Bana Di Jodi
260,Ghost in the Shell 2: Innocence
261,The Kid with a Bike
262,Chak de! India
263,Vera Drake
264,Jab We Met
265,The United States of Leland
266,Manhattan Murder Mystery
267,Les petits mouchoirs
268,Swades
269,L'illusionniste
270,Dil Chahta Hai
271,Sophie Scholl: The Final Days
272,M.S. Dhoni: The Untold Story
273,Destroyed in Love
274,The Assassination of Richard Nixon
275,The Barbarian Invasions
276,Jodhaa Akbar
277,"Trust Me, I'm Here"
278,Munna Bhai M.B.B.S.
279,Av Mevsimi
280,Tae Guk Gi: The Brotherhood of War
281,Broadway Danny Rose
282,The Edukators
283,Gabbar is Back
284,Pek Yakinda
285,Yahsi Bati
286,Keep at It Munna Bhai
287,Jaane Tu... Ya Jaane Na
288,A.R.O.G
289,Nefes: Vatan Sagolsun
